{
  "ScriptDirectory": "content",
  "DeployFile": {
    "PackagePath": "deploy.ps1"
  },
  "PreScripts": [],
  "PostScripts": [],
  "ConfigurationFile": {
    "PackagePath": "dbops.config.json"
  },
  "Builds": [
    {
      "Build": "1.0.1",
      "CreatedDate": "Sunday, 23 May 2021 11:41:39",
      "PackagePath": "1.0.1",
      "Scripts": [
        {
          "PackagePath": "sqlscripts\\Script0001-inventorytable.sql",
          "Hash": "0x34972E2F1AE8BA89969B284E53302238"
        }
      ]
    },
    {
      "Build": "1.0.2",
      "CreatedDate": "Sunday, 23 May 2021 11:41:39",
      "PackagePath": "1.0.2",
      "Scripts": [
        {
          "PackagePath": "sqlscripts\\Script0002-CreateInventorySP.sql",
          "Hash": "0x7FE75CBDEDDA06B2C64F9330677F46EF"
        },
        {
          "PackagePath": "sqlscripts\\Script0003-insertdummyrecord.sql",
          "Hash": "0x6D39167FDA599F2457BDE28DE8911F0A"
        }
      ]
    }
  ],
  "Slim": false
}