{
  "ScriptDirectory": "content",
  "DeployFile": {
    "PackagePath": "deploy.ps1"
  },
  "PreScripts": [],
  "PostScripts": [],
  "ConfigurationFile": {
    "PackagePath": "dbops.config.json"
  },
  "Builds": [
    {
      "Build": "1.0.1",
      "CreatedDate": "Sunday, 23 May 2021 07:06:31",
      "PackagePath": "1.0.1",
      "Scripts": [
        {
          "PackagePath": "sqlscripts\\Script0001-inventorytable.sql",
          "Hash": "0xA6E2DA0C73054C49A88DAF3BF68320E2"
        }
      ]
    }
  ],
  "Slim": false
}